Workbook

Sheet README
A1: Account AI Adoption & Agentic Repository - Reporting Workbook
A2: Template for a 10-project account. Two SAMPLE projects are pre-filled to show the expected format.
A4: Purpose | B4: One consistent, evidence-based view of GenAI adoption and the agentic repository across all projects, for senior review.
A5: SAMPLE DATA | B5: Projects P01 and P02 contain ILLUSTRATIVE values to show the format. They are not real results. Overwrite them with actuals before any use.
A6: How to use | B6: 1) Fill Projects. 2) Fill Metrics and Agentic Repo for each project (yellow cells, blue text). 3) Review Dashboard. 4) Update Risks. Dashboard and totals are formulas; do not overwrite them.
A7: Colour code | B7: Blue text on yellow = input. Black = formula. Green = link to another sheet.
A8: Data basis | B8: Measured = taken from system data (PR history, licence reports). Estimated = team or lead estimate. Survey = developer survey. Never mix; the Dashboard reports the share that is Measured.
A9: Active user | B9: A licensed user who used the AI tool at least once in the last 30 days (source: GitHub Copilot usage reports, organisation admin).
A10: Review rounds | B10: Average number of 'changes requested' review cycles per merged PR. Source: scripts/python/pr_metrics.py in the agentic repo, or your Git platform export. Use the same period length for baseline and current.
A11: PR cycle time | B11: Median hours from PR opened to merged. Same source and period rule.
A12: AI maturity (0-4) | B12: 0 none | 1 individual experimentation | 2 team practice with shared instructions | 3 embedded in workflow with measured results | 4 governed and continuously improved.
A13: Caution | B13: With few projects reporting, do not extrapolate. A change in review rounds can have other causes (team change, release pressure). Report it as an observation, not proof of cause.

Sheet Dashboard
A1: Account dashboard
A2: All values are formulas. Sample data is included until replaced.
A4: Indicator | B4: Value | C4: How to read it
A5: Projects in account | B5: =ROWS(Projects!A5:A14) -> 10 | C5: Register size.
A6: Projects reporting metrics | B6: =COUNT(Metrics!D5:D14) -> 2 | C6: Do not generalise from a small number of reporting projects.
A7: Licensed users (reporting projects) | B7: =Metrics!D15 -> 23
A8: Active users, last 30 days | B8: =Metrics!E15 -> 16
A9: Adoption (active / licensed) | B9: =Metrics!F15 -> 0.69565217 | C9: Share of licences in real use.
A10: PRs with AI-assisted review | B10: =Metrics!I15 -> 0.32631579 | C10: Share of merged PRs reviewed with AI assistance.
A11: Median change in review rounds per PR | B11: =Metrics!L15 -> -0.13095238 | C11: Negative = fewer rounds. Observation, not proof of cause.
A12: Median change in PR cycle time | B12: =Metrics!O15 -> -0.12040134 | C12: Negative = faster. Same caution.
A13: Share of reporting projects with Measured data | B13: =IFERROR(COUNTIF(Metrics!P5:P14,"Measured")/COUNT(Metrics!D5:D14),"") -> 0.5 | C13: Confidence indicator for the figures above.
A14: Average AI maturity (reported projects) | B14: =IFERROR(AVERAGE(Projects!F5:F14),"") -> 2.5 | C14: Scale 0-4 defined on README.
A15: Agentic repo: projects Deployed | B15: =COUNTIF(Projects!G5:G14,"Deployed") -> 1
A16: Agentic repo: projects in Pilot | B16: =COUNTIF(Projects!G5:G14,"Pilot") -> 1
A17: Projects with deterministic gate in CI | B17: =COUNTIF('Agentic Repo'!F5:F14,"Yes") -> 1
A18: Active (approved) rules, all projects | B18: ='Agentic Repo'!D15 -> 12 | C18: Counts may overlap if projects share rules; use a distinct count if the repo is shared.
A19: Finding acceptance rate | B19: ='Agentic Repo'!K15 -> 0.64102564 | C19: Findings accepted by humans / raised. Low values mean rules need tuning.
A21: Note: sample projects P01-P02 are illustrative. Replace before presenting.

Sheet Projects
A1: Project register
A2: One row per project. Rows P01-P02 are SAMPLE data.
A4: ID | B4: Project name | C4: Delivery stage | D4: Team size | E4: Primary AI tools | F4: AI maturity (0-4) | G4: Agentic repo status | H4: Data owner | I4: Notes
A5: P01 | B5: Project A - Viewer platform (SAMPLE) | C5: Development | D5: 14 | E5: GitHub Copilot (chat, agent mode, code review) | F5: 3 | G5: Deployed | H5: Lead architect | I5: Sample data - replace
A6: P02 | B6: Project B - Integration services (SAMPLE) | C6: Maintenance | D6: 9 | E6: GitHub Copilot (chat) | F6: 2 | G6: Pilot | H6: Delivery manager | I6: Sample data - replace
A7: P03 | G7: Not started
A8: P04 | G8: Not started
A9: P05 | G9: Not started
A10: P06 | G10: Not started
A11: P07 | G11: Not started
A12: P08 | G12: Not started
A13: P09 | G13: Not started
A14: P10 | G14: Not started

Sheet Metrics
A1: Adoption and delivery metrics
A2: Baseline = period before rollout; current = latest period of the same length. Basis column is mandatory.
A4: ID | B4: Project | C4: Team size | D4: Licensed users | E4: Active users (30d) | F4: Adoption % (active / licensed) | G4: PRs merged in period | H4: PRs with AI-assisted review | I4: AI review coverage % | J4: Baseline review rounds / PR | K4: Current review rounds / PR | L4: Change in review rounds | M4: Baseline PR cycle (median h) | N4: Current PR cycle (median h) | O4: Change in PR cycle | P4: Data basis | Q4: Source / notes
A5: =Projects!A5 -> P01 | B5: =IF(Projects!B5="","",Projects!B5) -> Project A - Viewer platform (SAMPLE) | C5: =IF(Projects!D5="","",Projects!D5) -> 14 | D5: 14 | E5: 11 | F5: =IF(N(D5)>0,E5/D5,"") -> 0.78571429 | G5: 120 | H5: 48 | I5: =IF(N(G5)>0,H5/G5,"") -> 0.4 | J5: 2.4 | K5: 2 | L5: =IF(AND(N(J5)>0,ISNUMBER(K5)),(K5-J5)/J5,"") -> -0.16666667 | M5: 52 | N5: 44 | O5: =IF(AND(N(M5)>0,ISNUMBER(N5)),(N5-M5)/M5,"") -> -0.15384615 | P5: Measured | Q5: SAMPLE: PR export, 90d vs prior 90d
A6: =Projects!A6 -> P02 | B6: =IF(Projects!B6="","",Projects!B6) -> Project B - Integration services (SAMPLE) | C6: =IF(Projects!D6="","",Projects!D6) -> 9 | D6: 9 | E6: 5 | F6: =IF(N(D6)>0,E6/D6,"") -> 0.55555556 | G6: 70 | H6: 14 | I6: =IF(N(G6)>0,H6/G6,"") -> 0.2 | J6: 2.1 | K6: 1.9 | L6: =IF(AND(N(J6)>0,ISNUMBER(K6)),(K6-J6)/J6,"") -> -0.095238095 | M6: 46 | N6: 42 | O6: =IF(AND(N(M6)>0,ISNUMBER(N6)),(N6-M6)/M6,"") -> -0.086956522 | P6: Estimated | Q6: SAMPLE: lead estimate
A7: =Projects!A7 -> P03 | B7: =IF(Projects!B7="","",Projects!B7) | C7: =IF(Projects!D7="","",Projects!D7) | F7: =IF(N(D7)>0,E7/D7,"") | I7: =IF(N(G7)>0,H7/G7,"") | L7: =IF(AND(N(J7)>0,ISNUMBER(K7)),(K7-J7)/J7,"") | O7: =IF(AND(N(M7)>0,ISNUMBER(N7)),(N7-M7)/M7,"")
A8: =Projects!A8 -> P04 | B8: =IF(Projects!B8="","",Projects!B8) | C8: =IF(Projects!D8="","",Projects!D8) | F8: =IF(N(D8)>0,E8/D8,"") | I8: =IF(N(G8)>0,H8/G8,"") | L8: =IF(AND(N(J8)>0,ISNUMBER(K8)),(K8-J8)/J8,"") | O8: =IF(AND(N(M8)>0,ISNUMBER(N8)),(N8-M8)/M8,"")
A9: =Projects!A9 -> P05 | B9: =IF(Projects!B9="","",Projects!B9) | C9: =IF(Projects!D9="","",Projects!D9) | F9: =IF(N(D9)>0,E9/D9,"") | I9: =IF(N(G9)>0,H9/G9,"") | L9: =IF(AND(N(J9)>0,ISNUMBER(K9)),(K9-J9)/J9,"") | O9: =IF(AND(N(M9)>0,ISNUMBER(N9)),(N9-M9)/M9,"")
A10: =Projects!A10 -> P06 | B10: =IF(Projects!B10="","",Projects!B10) | C10: =IF(Projects!D10="","",Projects!D10) | F10: =IF(N(D10)>0,E10/D10,"") | I10: =IF(N(G10)>0,H10/G10,"") | L10: =IF(AND(N(J10)>0,ISNUMBER(K10)),(K10-J10)/J10,"") | O10: =IF(AND(N(M10)>0,ISNUMBER(N10)),(N10-M10)/M10,"")
A11: =Projects!A11 -> P07 | B11: =IF(Projects!B11="","",Projects!B11) | C11: =IF(Projects!D11="","",Projects!D11) | F11: =IF(N(D11)>0,E11/D11,"") | I11: =IF(N(G11)>0,H11/G11,"") | L11: =IF(AND(N(J11)>0,ISNUMBER(K11)),(K11-J11)/J11,"") | O11: =IF(AND(N(M11)>0,ISNUMBER(N11)),(N11-M11)/M11,"")
A12: =Projects!A12 -> P08 | B12: =IF(Projects!B12="","",Projects!B12) | C12: =IF(Projects!D12="","",Projects!D12) | F12: =IF(N(D12)>0,E12/D12,"") | I12: =IF(N(G12)>0,H12/G12,"") | L12: =IF(AND(N(J12)>0,ISNUMBER(K12)),(K12-J12)/J12,"") | O12: =IF(AND(N(M12)>0,ISNUMBER(N12)),(N12-M12)/M12,"")
A13: =Projects!A13 -> P09 | B13: =IF(Projects!B13="","",Projects!B13) | C13: =IF(Projects!D13="","",Projects!D13) | F13: =IF(N(D13)>0,E13/D13,"") | I13: =IF(N(G13)>0,H13/G13,"") | L13: =IF(AND(N(J13)>0,ISNUMBER(K13)),(K13-J13)/J13,"") | O13: =IF(AND(N(M13)>0,ISNUMBER(N13)),(N13-M13)/M13,"")
A14: =Projects!A14 -> P10 | B14: =IF(Projects!B14="","",Projects!B14) | C14: =IF(Projects!D14="","",Projects!D14) | F14: =IF(N(D14)>0,E14/D14,"") | I14: =IF(N(G14)>0,H14/G14,"") | L14: =IF(AND(N(J14)>0,ISNUMBER(K14)),(K14-J14)/J14,"") | O14: =IF(AND(N(M14)>0,ISNUMBER(N14)),(N14-M14)/M14,"")
B15: Account total / median | D15: =SUM(D5:D14) -> 23 | E15: =SUM(E5:E14) -> 16 | F15: =IF(D15>0,E15/D15,"") -> 0.69565217 | G15: =SUM(G5:G14) -> 190 | H15: =SUM(H5:H14) -> 62 | I15: =IF(G15>0,H15/G15,"") -> 0.32631579 | L15: =IFERROR(MEDIAN(L5:L14),"") -> -0.13095238 | O15: =IFERROR(MEDIAN(O5:O14),"") -> -0.12040134
B17: Negative change = fewer review rounds / shorter cycle. Medians cover reporting projects only. Totals add reporting projects only.

Sheet Agentic Repo
A1: Agentic repository status
A2: Tracks rollout of the shared instructions, rules, checks and agents per project. Rows P01-P02 are SAMPLE data.
A4: ID | B4: Project | C4: Instructions deployed | D4: Active (approved) rules | E4: Rules mined from PR comments | F4: Deterministic gate in CI | G4: Reviewer agent used | H4: Critical paths defined | I4: Findings raised | J4: Findings accepted | K4: Acceptance % | L4: Readiness (0-4) | M4: Notes
A5: =Projects!A5 -> P01 | B5: =IF(Projects!B5="","",Projects!B5) -> Project A - Viewer platform (SAMPLE) | C5: Yes | D5: 12 | E5: 4 | F5: Yes | G5: Yes | H5: Yes | I5: 60 | J5: 41 | K5: =IF(N(I5)>0,J5/I5,"") -> 0.68333333 | L5: =IF(COUNTA(C5,F5,G5,H5)=0,"",(C5="Yes")+(F5="Yes")+(G5="Yes")+(H5="Yes")) -> 4 | M5: SAMPLE
A6: =Projects!A6 -> P02 | B6: =IF(Projects!B6="","",Projects!B6) -> Project B - Integration services (SAMPLE) | C6: Partial | D6: 0 | E6: 0 | F6: No | G6: Pilot | H6: No | I6: 18 | J6: 9 | K6: =IF(N(I6)>0,J6/I6,"") -> 0.5 | L6: =IF(COUNTA(C6,F6,G6,H6)=0,"",(C6="Yes")+(F6="Yes")+(G6="Yes")+(H6="Yes")) -> 0 | M6: SAMPLE
A7: =Projects!A7 -> P03 | B7: =IF(Projects!B7="","",Projects!B7) | K7: =IF(N(I7)>0,J7/I7,"") | L7: =IF(COUNTA(C7,F7,G7,H7)=0,"",(C7="Yes")+(F7="Yes")+(G7="Yes")+(H7="Yes"))
A8: =Projects!A8 -> P04 | B8: =IF(Projects!B8="","",Projects!B8) | K8: =IF(N(I8)>0,J8/I8,"") | L8: =IF(COUNTA(C8,F8,G8,H8)=0,"",(C8="Yes")+(F8="Yes")+(G8="Yes")+(H8="Yes"))
A9: =Projects!A9 -> P05 | B9: =IF(Projects!B9="","",Projects!B9) | K9: =IF(N(I9)>0,J9/I9,"") | L9: =IF(COUNTA(C9,F9,G9,H9)=0,"",(C9="Yes")+(F9="Yes")+(G9="Yes")+(H9="Yes"))
A10: =Projects!A10 -> P06 | B10: =IF(Projects!B10="","",Projects!B10) | K10: =IF(N(I10)>0,J10/I10,"") | L10: =IF(COUNTA(C10,F10,G10,H10)=0,"",(C10="Yes")+(F10="Yes")+(G10="Yes")+(H10="Yes"))
A11: =Projects!A11 -> P07 | B11: =IF(Projects!B11="","",Projects!B11) | K11: =IF(N(I11)>0,J11/I11,"") | L11: =IF(COUNTA(C11,F11,G11,H11)=0,"",(C11="Yes")+(F11="Yes")+(G11="Yes")+(H11="Yes"))
A12: =Projects!A12 -> P08 | B12: =IF(Projects!B12="","",Projects!B12) | K12: =IF(N(I12)>0,J12/I12,"") | L12: =IF(COUNTA(C12,F12,G12,H12)=0,"",(C12="Yes")+(F12="Yes")+(G12="Yes")+(H12="Yes"))
A13: =Projects!A13 -> P09 | B13: =IF(Projects!B13="","",Projects!B13) | K13: =IF(N(I13)>0,J13/I13,"") | L13: =IF(COUNTA(C13,F13,G13,H13)=0,"",(C13="Yes")+(F13="Yes")+(G13="Yes")+(H13="Yes"))
A14: =Projects!A14 -> P10 | B14: =IF(Projects!B14="","",Projects!B14) | K14: =IF(N(I14)>0,J14/I14,"") | L14: =IF(COUNTA(C14,F14,G14,H14)=0,"",(C14="Yes")+(F14="Yes")+(G14="Yes")+(H14="Yes"))
B15: Account total | D15: =SUM(D5:D14) -> 12 | E15: =SUM(E5:E14) -> 4 | I15: =SUM(I5:I14) -> 78 | J15: =SUM(J5:J14) -> 50 | K15: =IF(I15>0,J15/I15,"") -> 0.64102564
B17: Readiness = count of: instructions Yes, CI gate Yes, reviewer agent Yes, critical paths defined Yes. Acceptance % = findings a human accepted / findings raised (shadow-mode log).

Sheet Risks
A1: Risks and controls
A2: Starting register; adjust to the account's quality system. Owner and status are inputs.
A4: # | B4: Risk | C4: Why it matters | D4: Control in place / planned | E4: Residual risk | F4: Owner | G4: Status
A5: 1 | B5: AI review finds wrong or non-existent issues | C5: Wasted effort; loss of trust | D5: Findings must cite a rule and quote code; code excerpts are verified against the file; unverified findings are excluded from the score. | E5: Medium | G5: Open
A6: 2 | B6: AI misses a real defect | C6: False assurance | D6: AI review is advisory; human approval is always required; deterministic checks and existing analysers (e.g. SonarQube) stay in place. | E6: Medium | G6: Open
A7: 3 | B7: Patient data exposed to AI tools or logs | C7: Privacy and regulatory exposure | D7: Rule bans patient data in code, logs and tests; synthetic data only; AI tool data-handling terms confirmed by security. | E7: Medium | G7: Open
A8: 4 | B8: Change in clinical-critical code without enough scrutiny | C8: Patient-safety impact | D8: Critical paths flagged automatically; mandatory human architect sign-off and test evidence. | E8: Low | G8: Open
A9: 5 | B9: Standards drift or become stale | C9: Inconsistent code, false findings | D9: Each rule has an owner approval and review-by date; rules from PR comments need architect approval; false-positive tracking. | E9: Medium | G9: Open
A10: 6 | B10: Uneven adoption across projects | C10: Benefits concentrated in a few teams | D10: Common baseline metrics; maturity levels; shared repo; adoption reviewed per project. | E10: Medium | G10: Open
A11: 7 | B11: Misleading metrics | C11: Wrong decisions | D11: Measured vs estimated reported separately; same period length for baseline and current; no per-developer statistics. | E11: Low | G11: Open
A12: 8 | B12: AI-assisted changes not traceable in the quality system | C12: Audit findings | D12: Align with quality/regulatory function on documentation of AI-assisted development; keep reviews and approvals in PR history. | E12: Medium | G12: Open
