Workbook

Sheet README
A1: Account AI Adoption & Agentic Repository - Reporting Workbook
A3: Template for a 10-project account | Version 1.0 | Sample data shown for projects P01 and P02 only
A5: SAMPLE DATA NOTICE: values for P01 and P02 are illustrative, to show format and calculation. They are not real results. Overwrite them with actuals before any use.
A7: How to use
A8: 1. Fill Projects (register), then Metrics, Trend, Agentic Repo and SDLC Usage for each project. Edit only yellow cells with blue text.
A9: 2. Dashboard, totals, status labels and charts are formulas; they update automatically. Do not overwrite them.
A10: 3. Always set the Data basis (Measured / Estimated / Survey). Report Measured and Estimated figures separately in any presentation.
A11: 4. Update Risks and Actions before each review; keep the same reporting period length for baseline and current.
A13: Colour code
A14: Input | B14: Blue text on yellow: you enter this
A15: Formula | B15: Black text: calculated
A16: Link | B16: Green text: pulled from another sheet
A18: Sheet index
A19: Dashboard | B19: Executive view: KPI cards, project scorecard, charts
A20: Projects | B20: Register: scope, team, tools, maturity, repo status
A21: Metrics | B21: Adoption and delivery metrics, baseline vs current, per project
A22: Trend | B22: Monthly trend and account roll-up
A23: Agentic Repo | B23: Rollout of instructions, rules, CI gate, agents; finding quality
A24: SDLC Usage | B24: Where AI is used across SDLC phases (heat map)
A25: Risks | B25: Risk register with likelihood x impact
A26: Actions | B26: Open actions and owners
A28: Data dictionary
A29: Metric | B29: Definition | C29: Source | D29: Frequency | E29: Caution
A30: Licensed / active users | B30: Licensed seats; active = used the AI tool at least once in the last 30 days | C30: Copilot usage reports (organisation admin) | D30: Monthly | E30: Active is not the same as effective use
A31: Adoption % | B31: Active users / licensed users | C31: Calculated | D31: Monthly | E31: Low value may mean licences unassigned, not low interest
A32: AI review coverage % | B32: Merged PRs that had an AI-assisted review / merged PRs | C32: Git platform export + review reports | D32: Monthly | E32: Define 'AI-assisted' once and keep it fixed
A33: Review rounds / PR | B33: Average 'changes requested' review cycles per merged PR | C33: pr_metrics.py (agentic repo) or Git export | D33: Quarterly | E33: Compare equal-length periods
A34: Comments / PR | B34: Average review comments per merged PR | C34: Git platform export | D34: Quarterly | E34: Fewer is not always better; track by category
A35: PR cycle time | B35: Median hours from PR opened to merged | C35: Git platform export | D35: Quarterly | E35: Affected by holidays, release pressure
A36: Self-reported time saved | B36: Hours per week saved, developer survey | C36: Short survey | D36: Quarterly | E36: Self-reported; label as Survey, never as Measured
A37: Finding acceptance % | B37: AI review findings accepted by a human / findings raised | C37: Shadow-mode log (agentic repo) | D37: Monthly | E37: Below ~50% suggests rules need tuning
A38: AI maturity (0-4) | B38: 0 none | 1 individual experiments | 2 team practice with shared instructions | 3 in workflow with measured results | 4 governed and continuously improved | C38: Assessment with project lead | D38: Quarterly | E38: Judgement-based; agree evidence for each level
A39: Repo readiness (0-4) | B39: Count of: instructions deployed, CI gate on, reviewer agent in use, critical paths defined | C39: Agentic Repo sheet | D39: Monthly | E39: Readiness is not value delivered

Sheet Dashboard
A1: Account AI Adoption & Agentic Repository - Dashboard
A3: SAMPLE DATA: only P01 and P02 are filled, with illustrative values. Do not generalise from a small number of reporting projects.
A5: PROJECTS REPORTING | B5: ADOPTION | D5: AI-ASSISTED PR REVIEW | F5: REVIEW ROUNDS / PR | H5: PR CYCLE TIME | J5: FINDING ACCEPTANCE
A6: =COUNT(Metrics!D5:D14)&" of "&ROWS(Metrics!D5:D14) -> 2 of 10 | B6: =Metrics!F15 -> 0.69565217 | D6: =Metrics!I15 -> 0.32631579 | F6: =Metrics!L15 -> -0.086309524 | H6: =Metrics!R15 -> -0.12040134 | J6: ='Agentic Repo'!M15 -> 0.64102564
A8: metrics submitted | B8: active / licensed users | D8: of merged PRs | F8: median change vs baseline | H8: median change vs baseline | J8: AI findings accepted by humans
A10: Project scorecard
A11: Project | B11: AI maturity (0-4) | C11: Adoption % | D11: AI review % | E11: Change in review rounds | F11: Change in PR cycle | G11: Repo readiness (0-4) | H11: SDLC phases regular (of 7) | I11: Status | J11: Agentic repo | K11: Data basis
A12: =Metrics!B5 -> Project A - Viewer platform (SAMPLE) | B12: =IF(Projects!J5="","",Projects!J5) -> 3 | C12: =Metrics!F5 -> 0.78571429 | D12: =Metrics!I5 -> 0.4 | E12: =Metrics!L5 -> -0.125 | F12: =Metrics!R5 -> -0.15384615 | G12: ='Agentic Repo'!O5 -> 4 | H12: ='SDLC Usage'!J5 -> 3 | I12: =IF(N(Metrics!D5)=0,"Not reporting",IF(AND(C12>=$B$25,OR(E12="",E12<=0)),"On track",IF(C12>=$B$26,"Watch","Needs attention"))) -> On track | J12: =Projects!K5 -> Deployed | K12: =IF(Metrics!V5="","",Metrics!V5) -> Measured
A13: =Metrics!B6 -> Project B - Integration services (SAMPLE) | B13: =IF(Projects!J6="","",Projects!J6) -> 2 | C13: =Metrics!F6 -> 0.55555556 | D13: =Metrics!I6 -> 0.2 | E13: =Metrics!L6 -> -0.047619048 | F13: =Metrics!R6 -> -0.086956522 | G13: ='Agentic Repo'!O6 -> 0 | H13: ='SDLC Usage'!J6 -> 1 | I13: =IF(N(Metrics!D6)=0,"Not reporting",IF(AND(C13>=$B$25,OR(E13="",E13<=0)),"On track",IF(C13>=$B$26,"Watch","Needs attention"))) -> Watch | J13: =Projects!K6 -> Pilot | K13: =IF(Metrics!V6="","",Metrics!V6) -> Estimated
A14: =Metrics!B7 | B14: =IF(Projects!J7="","",Projects!J7) | C14: =Metrics!F7 | D14: =Metrics!I7 | E14: =Metrics!L7 | F14: =Metrics!R7 | G14: ='Agentic Repo'!O7 | H14: ='SDLC Usage'!J7 | I14: =IF(N(Metrics!D7)=0,"Not reporting",IF(AND(C14>=$B$25,OR(E14="",E14<=0)),"On track",IF(C14>=$B$26,"Watch","Needs attention"))) -> Not reporting | J14: =Projects!K7 -> Not started | K14: =IF(Metrics!V7="","",Metrics!V7)
A15: =Metrics!B8 | B15: =IF(Projects!J8="","",Projects!J8) | C15: =Metrics!F8 | D15: =Metrics!I8 | E15: =Metrics!L8 | F15: =Metrics!R8 | G15: ='Agentic Repo'!O8 | H15: ='SDLC Usage'!J8 | I15: =IF(N(Metrics!D8)=0,"Not reporting",IF(AND(C15>=$B$25,OR(E15="",E15<=0)),"On track",IF(C15>=$B$26,"Watch","Needs attention"))) -> Not reporting | J15: =Projects!K8 -> Not started | K15: =IF(Metrics!V8="","",Metrics!V8)
A16: =Metrics!B9 | B16: =IF(Projects!J9="","",Projects!J9) | C16: =Metrics!F9 | D16: =Metrics!I9 | E16: =Metrics!L9 | F16: =Metrics!R9 | G16: ='Agentic Repo'!O9 | H16: ='SDLC Usage'!J9 | I16: =IF(N(Metrics!D9)=0,"Not reporting",IF(AND(C16>=$B$25,OR(E16="",E16<=0)),"On track",IF(C16>=$B$26,"Watch","Needs attention"))) -> Not reporting | J16: =Projects!K9 -> Not started | K16: =IF(Metrics!V9="","",Metrics!V9)
A17: =Metrics!B10 | B17: =IF(Projects!J10="","",Projects!J10) | C17: =Metrics!F10 | D17: =Metrics!I10 | E17: =Metrics!L10 | F17: =Metrics!R10 | G17: ='Agentic Repo'!O10 | H17: ='SDLC Usage'!J10 | I17: =IF(N(Metrics!D10)=0,"Not reporting",IF(AND(C17>=$B$25,OR(E17="",E17<=0)),"On track",IF(C17>=$B$26,"Watch","Needs attention"))) -> Not reporting | J17: =Projects!K10 -> Not started | K17: =IF(Metrics!V10="","",Metrics!V10)
A18: =Metrics!B11 | B18: =IF(Projects!J11="","",Projects!J11) | C18: =Metrics!F11 | D18: =Metrics!I11 | E18: =Metrics!L11 | F18: =Metrics!R11 | G18: ='Agentic Repo'!O11 | H18: ='SDLC Usage'!J11 | I18: =IF(N(Metrics!D11)=0,"Not reporting",IF(AND(C18>=$B$25,OR(E18="",E18<=0)),"On track",IF(C18>=$B$26,"Watch","Needs attention"))) -> Not reporting | J18: =Projects!K11 -> Not started | K18: =IF(Metrics!V11="","",Metrics!V11)
A19: =Metrics!B12 | B19: =IF(Projects!J12="","",Projects!J12) | C19: =Metrics!F12 | D19: =Metrics!I12 | E19: =Metrics!L12 | F19: =Metrics!R12 | G19: ='Agentic Repo'!O12 | H19: ='SDLC Usage'!J12 | I19: =IF(N(Metrics!D12)=0,"Not reporting",IF(AND(C19>=$B$25,OR(E19="",E19<=0)),"On track",IF(C19>=$B$26,"Watch","Needs attention"))) -> Not reporting | J19: =Projects!K12 -> Not started | K19: =IF(Metrics!V12="","",Metrics!V12)
A20: =Metrics!B13 | B20: =IF(Projects!J13="","",Projects!J13) | C20: =Metrics!F13 | D20: =Metrics!I13 | E20: =Metrics!L13 | F20: =Metrics!R13 | G20: ='Agentic Repo'!O13 | H20: ='SDLC Usage'!J13 | I20: =IF(N(Metrics!D13)=0,"Not reporting",IF(AND(C20>=$B$25,OR(E20="",E20<=0)),"On track",IF(C20>=$B$26,"Watch","Needs attention"))) -> Not reporting | J20: =Projects!K13 -> Not started | K20: =IF(Metrics!V13="","",Metrics!V13)
A21: =Metrics!B14 | B21: =IF(Projects!J14="","",Projects!J14) | C21: =Metrics!F14 | D21: =Metrics!I14 | E21: =Metrics!L14 | F21: =Metrics!R14 | G21: ='Agentic Repo'!O14 | H21: ='SDLC Usage'!J14 | I21: =IF(N(Metrics!D14)=0,"Not reporting",IF(AND(C21>=$B$25,OR(E21="",E21<=0)),"On track",IF(C21>=$B$26,"Watch","Needs attention"))) -> Not reporting | J21: =Projects!K14 -> Not started | K21: =IF(Metrics!V14="","",Metrics!V14)
A24: Status thresholds (editable, management-defined)
A25: On track: adoption at or above | B25: 0.7 | C25: Below the Watch threshold = Needs attention. On track also needs review rounds not increased. Not reporting = no licence data entered. Thresholds are a management choice, not an industry standard.
A26: Watch: adoption at or above | B26: 0.4

Sheet Projects
A1: Project register
A3: One row per project. P01-P02 are SAMPLE rows.
A4: ID | B4: Project name | C4: Product area | D4: Delivery stage | E4: Team size | F4: Dev | G4: QA | H4: BA / other | I4: Primary AI tools | J4: AI maturity (0-4) | K4: Agentic repo status | L4: Data owner / notes
A5: P01 | B5: Project A - Viewer platform (SAMPLE) | C5: Diagnostic viewing | D5: Development | E5: 14 | F5: 9 | G5: 3 | H5: 2 | I5: GitHub Copilot: chat, agent mode, code review | J5: 3 | K5: Deployed | L5: Lead architect
A6: P02 | B6: Project B - Integration services (SAMPLE) | C6: Interoperability | D6: Maintenance | E6: 9 | F6: 5 | G6: 2 | H6: 2 | I6: GitHub Copilot: chat | J6: 2 | K6: Pilot | L6: Delivery manager
A7: P03 | K7: Not started
A8: P04 | K8: Not started
A9: P05 | K9: Not started
A10: P06 | K10: Not started
A11: P07 | K11: Not started
A12: P08 | K12: Not started
A13: P09 | K13: Not started
A14: P10 | K14: Not started
B15: Total team size | E15: =SUM(E5:E14) -> 23

Sheet Metrics
A1: Adoption and delivery metrics
D3: ADOPTION | G3: CODE REVIEW | P3: FLOW | S3: DEVELOPER SURVEY (self-reported)
A4: ID | B4: Project | C4: Team size | D4: Licensed users | E4: Active users (30d) | F4: Adoption % | G4: PRs merged in period | H4: PRs with AI-assisted review | I4: AI review coverage % | J4: Baseline review rounds / PR | K4: Current review rounds / PR | L4: Change in rounds | M4: Baseline comments / PR | N4: Current comments / PR | O4: Change in comments | P4: Baseline PR cycle (median h) | Q4: Current PR cycle (median h) | R4: Change in PR cycle | S4: Respondents | T4: % reporting time saved | U4: Avg hours saved / week | V4: Data basis | W4: Source / notes
A5: =Projects!A5 -> P01 | B5: =IF(Projects!B5="","",Projects!B5) -> Project A - Viewer platform (SAMPLE) | C5: =IF(Projects!E5="","",Projects!E5) -> 14 | D5: 14 | E5: 11 | F5: =IF(N(D5)>0,E5/D5,"") -> 0.78571429 | G5: 120 | H5: 48 | I5: =IF(N(G5)>0,H5/G5,"") -> 0.4 | J5: 2.4 | K5: 2.1 | L5: =IF(AND(N(J5)>0,ISNUMBER(K5)),(K5-J5)/J5,"") -> -0.125 | M5: 6.8 | N5: 5.9 | O5: =IF(AND(N(M5)>0,ISNUMBER(N5)),(N5-M5)/M5,"") -> -0.13235294 | P5: 52 | Q5: 44 | R5: =IF(AND(N(P5)>0,ISNUMBER(Q5)),(Q5-P5)/P5,"") -> -0.15384615 | S5: 12 | T5: 0.75 | U5: 2.5 | V5: Measured | W5: SAMPLE: PR export; baseline Apr-Jun, current Jul-Sep
A6: =Projects!A6 -> P02 | B6: =IF(Projects!B6="","",Projects!B6) -> Project B - Integration services (SAMPLE) | C6: =IF(Projects!E6="","",Projects!E6) -> 9 | D6: 9 | E6: 5 | F6: =IF(N(D6)>0,E6/D6,"") -> 0.55555556 | G6: 70 | H6: 14 | I6: =IF(N(G6)>0,H6/G6,"") -> 0.2 | J6: 2.1 | K6: 2 | L6: =IF(AND(N(J6)>0,ISNUMBER(K6)),(K6-J6)/J6,"") -> -0.047619048 | M6: 5.2 | N6: 5 | O6: =IF(AND(N(M6)>0,ISNUMBER(N6)),(N6-M6)/M6,"") -> -0.038461538 | P6: 46 | Q6: 42 | R6: =IF(AND(N(P6)>0,ISNUMBER(Q6)),(Q6-P6)/P6,"") -> -0.086956522 | S6: 7 | T6: 0.57 | U6: 1.5 | V6: Estimated | W6: SAMPLE: lead estimate
A7: =Projects!A7 -> P03 | B7: =IF(Projects!B7="","",Projects!B7) | C7: =IF(Projects!E7="","",Projects!E7) | F7: =IF(N(D7)>0,E7/D7,"") | I7: =IF(N(G7)>0,H7/G7,"") | L7: =IF(AND(N(J7)>0,ISNUMBER(K7)),(K7-J7)/J7,"") | O7: =IF(AND(N(M7)>0,ISNUMBER(N7)),(N7-M7)/M7,"") | R7: =IF(AND(N(P7)>0,ISNUMBER(Q7)),(Q7-P7)/P7,"")
A8: =Projects!A8 -> P04 | B8: =IF(Projects!B8="","",Projects!B8) | C8: =IF(Projects!E8="","",Projects!E8) | F8: =IF(N(D8)>0,E8/D8,"") | I8: =IF(N(G8)>0,H8/G8,"") | L8: =IF(AND(N(J8)>0,ISNUMBER(K8)),(K8-J8)/J8,"") | O8: =IF(AND(N(M8)>0,ISNUMBER(N8)),(N8-M8)/M8,"") | R8: =IF(AND(N(P8)>0,ISNUMBER(Q8)),(Q8-P8)/P8,"")
A9: =Projects!A9 -> P05 | B9: =IF(Projects!B9="","",Projects!B9) | C9: =IF(Projects!E9="","",Projects!E9) | F9: =IF(N(D9)>0,E9/D9,"") | I9: =IF(N(G9)>0,H9/G9,"") | L9: =IF(AND(N(J9)>0,ISNUMBER(K9)),(K9-J9)/J9,"") | O9: =IF(AND(N(M9)>0,ISNUMBER(N9)),(N9-M9)/M9,"") | R9: =IF(AND(N(P9)>0,ISNUMBER(Q9)),(Q9-P9)/P9,"")
A10: =Projects!A10 -> P06 | B10: =IF(Projects!B10="","",Projects!B10) | C10: =IF(Projects!E10="","",Projects!E10) | F10: =IF(N(D10)>0,E10/D10,"") | I10: =IF(N(G10)>0,H10/G10,"") | L10: =IF(AND(N(J10)>0,ISNUMBER(K10)),(K10-J10)/J10,"") | O10: =IF(AND(N(M10)>0,ISNUMBER(N10)),(N10-M10)/M10,"") | R10: =IF(AND(N(P10)>0,ISNUMBER(Q10)),(Q10-P10)/P10,"")
A11: =Projects!A11 -> P07 | B11: =IF(Projects!B11="","",Projects!B11) | C11: =IF(Projects!E11="","",Projects!E11) | F11: =IF(N(D11)>0,E11/D11,"") | I11: =IF(N(G11)>0,H11/G11,"") | L11: =IF(AND(N(J11)>0,ISNUMBER(K11)),(K11-J11)/J11,"") | O11: =IF(AND(N(M11)>0,ISNUMBER(N11)),(N11-M11)/M11,"") | R11: =IF(AND(N(P11)>0,ISNUMBER(Q11)),(Q11-P11)/P11,"")
A12: =Projects!A12 -> P08 | B12: =IF(Projects!B12="","",Projects!B12) | C12: =IF(Projects!E12="","",Projects!E12) | F12: =IF(N(D12)>0,E12/D12,"") | I12: =IF(N(G12)>0,H12/G12,"") | L12: =IF(AND(N(J12)>0,ISNUMBER(K12)),(K12-J12)/J12,"") | O12: =IF(AND(N(M12)>0,ISNUMBER(N12)),(N12-M12)/M12,"") | R12: =IF(AND(N(P12)>0,ISNUMBER(Q12)),(Q12-P12)/P12,"")
A13: =Projects!A13 -> P09 | B13: =IF(Projects!B13="","",Projects!B13) | C13: =IF(Projects!E13="","",Projects!E13) | F13: =IF(N(D13)>0,E13/D13,"") | I13: =IF(N(G13)>0,H13/G13,"") | L13: =IF(AND(N(J13)>0,ISNUMBER(K13)),(K13-J13)/J13,"") | O13: =IF(AND(N(M13)>0,ISNUMBER(N13)),(N13-M13)/M13,"") | R13: =IF(AND(N(P13)>0,ISNUMBER(Q13)),(Q13-P13)/P13,"")
A14: =Projects!A14 -> P10 | B14: =IF(Projects!B14="","",Projects!B14) | C14: =IF(Projects!E14="","",Projects!E14) | F14: =IF(N(D14)>0,E14/D14,"") | I14: =IF(N(G14)>0,H14/G14,"") | L14: =IF(AND(N(J14)>0,ISNUMBER(K14)),(K14-J14)/J14,"") | O14: =IF(AND(N(M14)>0,ISNUMBER(N14)),(N14-M14)/M14,"") | R14: =IF(AND(N(P14)>0,ISNUMBER(Q14)),(Q14-P14)/P14,"")
B15: Account total / median | C15: =SUM(C5:C14) -> 23 | D15: =SUM(D5:D14) -> 23 | E15: =SUM(E5:E14) -> 16 | F15: =IF(D15>0,E15/D15,"") -> 0.69565217 | G15: =SUM(G5:G14) -> 190 | H15: =SUM(H5:H14) -> 62 | I15: =IF(G15>0,H15/G15,"") -> 0.32631579 | L15: =IFERROR(MEDIAN(L5:L14),"") -> -0.086309524 | O15: =IFERROR(MEDIAN(O5:O14),"") -> -0.08540724 | R15: =IFERROR(MEDIAN(R5:R14),"") -> -0.12040134 | S15: =SUM(S5:S14) -> 19 | T15: =IF(S15>0,SUMPRODUCT(S5:S14,T5:T14)/S15,"") -> 0.68368421 | U15: =IF(S15>0,SUMPRODUCT(S5:S14,U5:U14)/S15,"") -> 2.1315789
B17: Totals add reporting projects only. Medians cover reporting projects only. Survey totals are respondent-weighted averages and remain self-reported.
B18: Reconcile PRs merged and AI-assisted PRs with the Trend sheet for the same period.

Sheet Trend
A1: Monthly trend and account roll-up
A3: INPUT: one row per project per month (SAMPLE rows: P01, P02) | K3: ACCOUNT ROLL-UP (formulas)
A4: Project ID | B4: Month | C4: Licensed | D4: Active (30d) | E4: PRs merged | F4: AI-assisted PRs | G4: Avg review rounds | H4: Adoption % | I4: AI review % | K4: Month | L4: Licensed | M4: Active | N4: Adoption % | O4: PRs merged | P4: AI-assisted PRs | Q4: AI review % | R4: Avg review rounds*
A5: P01 | B5: 46113 | C5: 8 | D5: 3 | E5: 35 | F5: 0 | G5: 2.5 | H5: =IF(N(C5)>0,D5/C5,"") -> 0.375 | I5: =IF(N(E5)>0,F5/E5,"") -> 0 | K5: 46113 | L5: =SUMIFS($C$5:$C$64,$B$5:$B$64,K5) -> 17 | M5: =SUMIFS($D$5:$D$64,$B$5:$B$64,K5) -> 5 | N5: =IF(L5>0,M5/L5,"") -> 0.29411765 | O5: =SUMIFS($E$5:$E$64,$B$5:$B$64,K5) -> 57 | P5: =SUMIFS($F$5:$F$64,$B$5:$B$64,K5) -> 0 | Q5: =IF(O5>0,P5/O5,"") -> 0 | R5: =IFERROR(AVERAGEIFS($G$5:$G$64,$B$5:$B$64,K5),"") -> 2.3
A6: P01 | B6: 46143 | C6: 14 | D6: 6 | E6: 37 | F6: 2 | G6: 2.4 | H6: =IF(N(C6)>0,D6/C6,"") -> 0.42857143 | I6: =IF(N(E6)>0,F6/E6,"") -> 0.054054054 | K6: 46143 | L6: =SUMIFS($C$5:$C$64,$B$5:$B$64,K6) -> 23 | M6: =SUMIFS($D$5:$D$64,$B$5:$B$64,K6) -> 9 | N6: =IF(L6>0,M6/L6,"") -> 0.39130435 | O6: =SUMIFS($E$5:$E$64,$B$5:$B$64,K6) -> 60 | P6: =SUMIFS($F$5:$F$64,$B$5:$B$64,K6) -> 2 | Q6: =IF(O6>0,P6/O6,"") -> 0.033333333 | R6: =IFERROR(AVERAGEIFS($G$5:$G$64,$B$5:$B$64,K6),"") -> 2.25
A7: P01 | B7: 46174 | C7: 14 | D7: 8 | E7: 39 | F7: 6 | G7: 2.3 | H7: =IF(N(C7)>0,D7/C7,"") -> 0.57142857 | I7: =IF(N(E7)>0,F7/E7,"") -> 0.15384615 | K7: 46174 | L7: =SUMIFS($C$5:$C$64,$B$5:$B$64,K7) -> 23 | M7: =SUMIFS($D$5:$D$64,$B$5:$B$64,K7) -> 12 | N7: =IF(L7>0,M7/L7,"") -> 0.52173913 | O7: =SUMIFS($E$5:$E$64,$B$5:$B$64,K7) -> 61 | P7: =SUMIFS($F$5:$F$64,$B$5:$B$64,K7) -> 7 | Q7: =IF(O7>0,P7/O7,"") -> 0.1147541 | R7: =IFERROR(AVERAGEIFS($G$5:$G$64,$B$5:$B$64,K7),"") -> 2.25
A8: P01 | B8: 46204 | C8: 14 | D8: 9 | E8: 38 | F8: 12 | G8: 2.2 | H8: =IF(N(C8)>0,D8/C8,"") -> 0.64285714 | I8: =IF(N(E8)>0,F8/E8,"") -> 0.31578947 | K8: 46204 | L8: =SUMIFS($C$5:$C$64,$B$5:$B$64,K8) -> 23 | M8: =SUMIFS($D$5:$D$64,$B$5:$B$64,K8) -> 14 | N8: =IF(L8>0,M8/L8,"") -> 0.60869565 | O8: =SUMIFS($E$5:$E$64,$B$5:$B$64,K8) -> 60 | P8: =SUMIFS($F$5:$F$64,$B$5:$B$64,K8) -> 15 | Q8: =IF(O8>0,P8/O8,"") -> 0.25 | R8: =IFERROR(AVERAGEIFS($G$5:$G$64,$B$5:$B$64,K8),"") -> 2.1
A9: P01 | B9: 46235 | C9: 14 | D9: 10 | E9: 41 | F9: 16 | G9: 2.1 | H9: =IF(N(C9)>0,D9/C9,"") -> 0.71428571 | I9: =IF(N(E9)>0,F9/E9,"") -> 0.3902439 | K9: 46235 | L9: =SUMIFS($C$5:$C$64,$B$5:$B$64,K9) -> 23 | M9: =SUMIFS($D$5:$D$64,$B$5:$B$64,K9) -> 15 | N9: =IF(L9>0,M9/L9,"") -> 0.65217391 | O9: =SUMIFS($E$5:$E$64,$B$5:$B$64,K9) -> 65 | P9: =SUMIFS($F$5:$F$64,$B$5:$B$64,K9) -> 21 | Q9: =IF(O9>0,P9/O9,"") -> 0.32307692 | R9: =IFERROR(AVERAGEIFS($G$5:$G$64,$B$5:$B$64,K9),"") -> 2.05
A10: P01 | B10: 46266 | C10: 14 | D10: 11 | E10: 41 | F10: 20 | G10: 2 | H10: =IF(N(C10)>0,D10/C10,"") -> 0.78571429 | I10: =IF(N(E10)>0,F10/E10,"") -> 0.48780488 | K10: 46266 | L10: =SUMIFS($C$5:$C$64,$B$5:$B$64,K10) -> 23 | M10: =SUMIFS($D$5:$D$64,$B$5:$B$64,K10) -> 16 | N10: =IF(L10>0,M10/L10,"") -> 0.69565217 | O10: =SUMIFS($E$5:$E$64,$B$5:$B$64,K10) -> 65 | P10: =SUMIFS($F$5:$F$64,$B$5:$B$64,K10) -> 26 | Q10: =IF(O10>0,P10/O10,"") -> 0.4 | R10: =IFERROR(AVERAGEIFS($G$5:$G$64,$B$5:$B$64,K10),"") -> 1.95
A11: P02 | B11: 46113 | C11: 9 | D11: 2 | E11: 22 | F11: 0 | G11: 2.1 | H11: =IF(N(C11)>0,D11/C11,"") -> 0.22222222 | I11: =IF(N(E11)>0,F11/E11,"") -> 0
A12: P02 | B12: 46143 | C12: 9 | D12: 3 | E12: 23 | F12: 0 | G12: 2.1 | H12: =IF(N(C12)>0,D12/C12,"") -> 0.33333333 | I12: =IF(N(E12)>0,F12/E12,"") -> 0 | K12: * Simple average of project averages (not PR-weighted).
A13: P02 | B13: 46174 | C13: 9 | D13: 4 | E13: 22 | F13: 1 | G13: 2.2 | H13: =IF(N(C13)>0,D13/C13,"") -> 0.44444444 | I13: =IF(N(E13)>0,F13/E13,"") -> 0.045454545 | K13: Change the six month cells (yellow) to move the window.
A14: P02 | B14: 46204 | C14: 9 | D14: 5 | E14: 22 | F14: 3 | G14: 2 | H14: =IF(N(C14)>0,D14/C14,"") -> 0.55555556 | I14: =IF(N(E14)>0,F14/E14,"") -> 0.13636364
A15: P02 | B15: 46235 | C15: 9 | D15: 5 | E15: 24 | F15: 5 | G15: 2 | H15: =IF(N(C15)>0,D15/C15,"") -> 0.55555556 | I15: =IF(N(E15)>0,F15/E15,"") -> 0.20833333
A16: P02 | B16: 46266 | C16: 9 | D16: 5 | E16: 24 | F16: 6 | G16: 1.9 | H16: =IF(N(C16)>0,D16/C16,"") -> 0.55555556 | I16: =IF(N(E16)>0,F16/E16,"") -> 0.25
H17: =IF(N(C17)>0,D17/C17,"") | I17: =IF(N(E17)>0,F17/E17,"")
H18: =IF(N(C18)>0,D18/C18,"") | I18: =IF(N(E18)>0,F18/E18,"")
H19: =IF(N(C19)>0,D19/C19,"") | I19: =IF(N(E19)>0,F19/E19,"")
H20: =IF(N(C20)>0,D20/C20,"") | I20: =IF(N(E20)>0,F20/E20,"")
H21: =IF(N(C21)>0,D21/C21,"") | I21: =IF(N(E21)>0,F21/E21,"")
H22: =IF(N(C22)>0,D22/C22,"") | I22: =IF(N(E22)>0,F22/E22,"")
H23: =IF(N(C23)>0,D23/C23,"") | I23: =IF(N(E23)>0,F23/E23,"")
H24: =IF(N(C24)>0,D24/C24,"") | I24: =IF(N(E24)>0,F24/E24,"")
H25: =IF(N(C25)>0,D25/C25,"") | I25: =IF(N(E25)>0,F25/E25,"")
H26: =IF(N(C26)>0,D26/C26,"") | I26: =IF(N(E26)>0,F26/E26,"")
H27: =IF(N(C27)>0,D27/C27,"") | I27: =IF(N(E27)>0,F27/E27,"")
H28: =IF(N(C28)>0,D28/C28,"") | I28: =IF(N(E28)>0,F28/E28,"")
... H64: =IF(N(C64)>0,D64/C64,"") | I64: =IF(N(E64)>0,F64/E64,"")

Sheet Agentic Repo
A1: Agentic repository: rollout and finding quality
C3: ROLLOUT | K3: SHADOW-MODE FINDING QUALITY | O3: SCORE
A4: ID | B4: Project | C4: Instructions deployed | D4: Active (approved) rules | E4: Seed rules awaiting approval | F4: Rules mined from PR comments | G4: Last rule-mining run | H4: Deterministic gate in CI | I4: Reviewer agent used | J4: Critical paths defined | K4: Findings raised | L4: Findings accepted | M4: Acceptance % | N4: False positives reported | O4: Readiness (0-4) | P4: Notes
A5: =Projects!A5 -> P01 | B5: =IF(Projects!B5="","",Projects!B5) -> Project A - Viewer platform (SAMPLE) | C5: Yes | D5: 12 | E5: 23 | F5: 4 | G5: 46266 | H5: Yes | I5: Yes | J5: Yes | K5: 60 | L5: 41 | M5: =IF(N(K5)>0,L5/K5,"") -> 0.68333333 | N5: 6 | O5: =IF(COUNTA(C5,H5,I5,J5)=0,"",(C5="Yes")+(H5="Yes")+(I5="Yes")+(J5="Yes")) -> 4 | P5: SAMPLE
A6: =Projects!A6 -> P02 | B6: =IF(Projects!B6="","",Projects!B6) -> Project B - Integration services (SAMPLE) | C6: Partial | D6: 0 | E6: 35 | F6: 0 | H6: No | I6: Pilot | J6: No | K6: 18 | L6: 9 | M6: =IF(N(K6)>0,L6/K6,"") -> 0.5 | N6: 4 | O6: =IF(COUNTA(C6,H6,I6,J6)=0,"",(C6="Yes")+(H6="Yes")+(I6="Yes")+(J6="Yes")) -> 0 | P6: SAMPLE
A7: =Projects!A7 -> P03 | B7: =IF(Projects!B7="","",Projects!B7) | M7: =IF(N(K7)>0,L7/K7,"") | O7: =IF(COUNTA(C7,H7,I7,J7)=0,"",(C7="Yes")+(H7="Yes")+(I7="Yes")+(J7="Yes"))
A8: =Projects!A8 -> P04 | B8: =IF(Projects!B8="","",Projects!B8) | M8: =IF(N(K8)>0,L8/K8,"") | O8: =IF(COUNTA(C8,H8,I8,J8)=0,"",(C8="Yes")+(H8="Yes")+(I8="Yes")+(J8="Yes"))
A9: =Projects!A9 -> P05 | B9: =IF(Projects!B9="","",Projects!B9) | M9: =IF(N(K9)>0,L9/K9,"") | O9: =IF(COUNTA(C9,H9,I9,J9)=0,"",(C9="Yes")+(H9="Yes")+(I9="Yes")+(J9="Yes"))
A10: =Projects!A10 -> P06 | B10: =IF(Projects!B10="","",Projects!B10) | M10: =IF(N(K10)>0,L10/K10,"") | O10: =IF(COUNTA(C10,H10,I10,J10)=0,"",(C10="Yes")+(H10="Yes")+(I10="Yes")+(J10="Yes"))
A11: =Projects!A11 -> P07 | B11: =IF(Projects!B11="","",Projects!B11) | M11: =IF(N(K11)>0,L11/K11,"") | O11: =IF(COUNTA(C11,H11,I11,J11)=0,"",(C11="Yes")+(H11="Yes")+(I11="Yes")+(J11="Yes"))
A12: =Projects!A12 -> P08 | B12: =IF(Projects!B12="","",Projects!B12) | M12: =IF(N(K12)>0,L12/K12,"") | O12: =IF(COUNTA(C12,H12,I12,J12)=0,"",(C12="Yes")+(H12="Yes")+(I12="Yes")+(J12="Yes"))
A13: =Projects!A13 -> P09 | B13: =IF(Projects!B13="","",Projects!B13) | M13: =IF(N(K13)>0,L13/K13,"") | O13: =IF(COUNTA(C13,H13,I13,J13)=0,"",(C13="Yes")+(H13="Yes")+(I13="Yes")+(J13="Yes"))
A14: =Projects!A14 -> P10 | B14: =IF(Projects!B14="","",Projects!B14) | M14: =IF(N(K14)>0,L14/K14,"") | O14: =IF(COUNTA(C14,H14,I14,J14)=0,"",(C14="Yes")+(H14="Yes")+(I14="Yes")+(J14="Yes"))
B15: Account total | D15: =SUM(D5:D14) -> 12 | E15: =SUM(E5:E14) -> 58 | F15: =SUM(F5:F14) -> 4 | K15: =SUM(K5:K14) -> 78 | L15: =SUM(L5:L14) -> 50 | M15: =IF(K15>0,L15/K15,"") -> 0.64102564 | N15: =SUM(N5:N14) -> 10
B17: Readiness = count of: instructions Yes, CI gate Yes, reviewer agent Yes, critical paths Yes. Acceptance % = findings a human accepted / findings raised.
B18: If projects share one rules repository, rule counts overlap: report the shared count once.

Sheet SDLC Usage
A1: AI usage across SDLC phases
A3: None = not used | Pilot = trial by some people | Regular = standard practice in the team. SAMPLE rows P01-P02.
A4: ID | B4: Project | C4: Requirements / planning | D4: Design / architecture | E4: Coding | F4: Code review | G4: Testing | H4: Documentation | I4: Release / support | J4: Phases in regular use | K4: Coverage %
A5: =Projects!A5 -> P01 | B5: =IF(Projects!B5="","",Projects!B5) -> Project A - Viewer platform (SAMPLE) | C5: Pilot | D5: Pilot | E5: Regular | F5: Regular | G5: Pilot | H5: Regular | I5: None | J5: =IF(COUNTA(C5:I5)=0,"",COUNTIF(C5:I5,"Regular")) -> 3 | K5: =IF(J5="","",J5/7) -> 0.42857143
A6: =Projects!A6 -> P02 | B6: =IF(Projects!B6="","",Projects!B6) -> Project B - Integration services (SAMPLE) | C6: None | D6: None | E6: Regular | F6: Pilot | G6: None | H6: Pilot | I6: None | J6: =IF(COUNTA(C6:I6)=0,"",COUNTIF(C6:I6,"Regular")) -> 1 | K6: =IF(J6="","",J6/7) -> 0.14285714
A7: =Projects!A7 -> P03 | B7: =IF(Projects!B7="","",Projects!B7) | J7: =IF(COUNTA(C7:I7)=0,"",COUNTIF(C7:I7,"Regular")) | K7: =IF(J7="","",J7/7)
A8: =Projects!A8 -> P04 | B8: =IF(Projects!B8="","",Projects!B8) | J8: =IF(COUNTA(C8:I8)=0,"",COUNTIF(C8:I8,"Regular")) | K8: =IF(J8="","",J8/7)
A9: =Projects!A9 -> P05 | B9: =IF(Projects!B9="","",Projects!B9) | J9: =IF(COUNTA(C9:I9)=0,"",COUNTIF(C9:I9,"Regular")) | K9: =IF(J9="","",J9/7)
A10: =Projects!A10 -> P06 | B10: =IF(Projects!B10="","",Projects!B10) | J10: =IF(COUNTA(C10:I10)=0,"",COUNTIF(C10:I10,"Regular")) | K10: =IF(J10="","",J10/7)
A11: =Projects!A11 -> P07 | B11: =IF(Projects!B11="","",Projects!B11) | J11: =IF(COUNTA(C11:I11)=0,"",COUNTIF(C11:I11,"Regular")) | K11: =IF(J11="","",J11/7)
A12: =Projects!A12 -> P08 | B12: =IF(Projects!B12="","",Projects!B12) | J12: =IF(COUNTA(C12:I12)=0,"",COUNTIF(C12:I12,"Regular")) | K12: =IF(J12="","",J12/7)
A13: =Projects!A13 -> P09 | B13: =IF(Projects!B13="","",Projects!B13) | J13: =IF(COUNTA(C13:I13)=0,"",COUNTIF(C13:I13,"Regular")) | K13: =IF(J13="","",J13/7)
A14: =Projects!A14 -> P10 | B14: =IF(Projects!B14="","",Projects!B14) | J14: =IF(COUNTA(C14:I14)=0,"",COUNTIF(C14:I14,"Regular")) | K14: =IF(J14="","",J14/7)
B15: Projects in regular use | C15: =COUNTIF(C5:C14,"Regular") -> 0 | D15: =COUNTIF(D5:D14,"Regular") -> 0 | E15: =COUNTIF(E5:E14,"Regular") -> 2 | F15: =COUNTIF(F5:F14,"Regular") -> 1 | G15: =COUNTIF(G5:G14,"Regular") -> 0 | H15: =COUNTIF(H5:H14,"Regular") -> 1 | I15: =COUNTIF(I5:I14,"Regular") -> 0
B16: Projects in pilot | C16: =COUNTIF(C5:C14,"Pilot") -> 1 | D16: =COUNTIF(D5:D14,"Pilot") -> 1 | E16: =COUNTIF(E5:E14,"Pilot") -> 0 | F16: =COUNTIF(F5:F14,"Pilot") -> 1 | G16: =COUNTIF(G5:G14,"Pilot") -> 1 | H16: =COUNTIF(H5:H14,"Pilot") -> 1 | I16: =COUNTIF(I5:I14,"Pilot") -> 0

Sheet Risks
A1: Risk register
A3: Starting set; adapt to the account's quality system. Likelihood, impact, owner, status and review date are inputs. Rating = likelihood x impact (1-3 each).
A4: # | B4: Risk | C4: Why it matters | D4: Control in place or planned | E4: Likelihood | F4: Impact | G4: Score | H4: Rating | I4: Owner | J4: Status | K4: Next review
A5: 1 | B5: AI review reports wrong or non-existent issues | C5: Wasted effort, loss of trust | D5: Findings must cite a rule and quote code; excerpts are verified against the file; unverified findings are excluded from the score. | E5: Medium | F5: Low | G5: =IFERROR(MATCH(E5,{"Low","Medium","High"},0)*MATCH(F5,{"Low","Medium","High"},0),"") -> 2 | H5: =IF(G5="","",IF(G5>=6,"High",IF(G5>=3,"Medium","Low"))) -> Low | J5: Open
A6: 2 | B6: AI review misses a real defect | C6: False assurance | D6: AI review is advisory; human approval always required; deterministic checks and existing analysers (e.g. SonarQube) stay in place. | E6: Medium | F6: High | G6: =IFERROR(MATCH(E6,{"Low","Medium","High"},0)*MATCH(F6,{"Low","Medium","High"},0),"") -> 6 | H6: =IF(G6="","",IF(G6>=6,"High",IF(G6>=3,"Medium","Low"))) -> High | J6: Open
A7: 3 | B7: Patient data exposed to AI tools, prompts or logs | C7: Privacy and regulatory exposure | D7: Rule bans patient data in code, logs, tests; synthetic data only; AI tool data-handling terms confirmed by security. | E7: Low | F7: High | G7: =IFERROR(MATCH(E7,{"Low","Medium","High"},0)*MATCH(F7,{"Low","Medium","High"},0),"") -> 3 | H7: =IF(G7="","",IF(G7>=6,"High",IF(G7>=3,"Medium","Low"))) -> Medium | J7: Open
A8: 4 | B8: Insufficient scrutiny of clinically critical code | C8: Patient-safety impact | D8: Critical paths flagged automatically; mandatory architect sign-off and test evidence. | E8: Low | F8: High | G8: =IFERROR(MATCH(E8,{"Low","Medium","High"},0)*MATCH(F8,{"Low","Medium","High"},0),"") -> 3 | H8: =IF(G8="","",IF(G8>=6,"High",IF(G8>=3,"Medium","Low"))) -> Medium | J8: Open
A9: 5 | B9: Standards drift or become stale | C9: Inconsistent code, false findings | D9: Architect approval of every rule; review-by dates; false-positive tracking; monthly curation. | E9: Medium | F9: Medium | G9: =IFERROR(MATCH(E9,{"Low","Medium","High"},0)*MATCH(F9,{"Low","Medium","High"},0),"") -> 4 | H9: =IF(G9="","",IF(G9>=6,"High",IF(G9>=3,"Medium","Low"))) -> Medium | J9: Open
A10: 6 | B10: Uneven adoption across projects | C10: Benefits concentrated in a few teams | D10: Common baseline metrics; maturity levels; shared repository; per-project review. | E10: Medium | F10: Medium | G10: =IFERROR(MATCH(E10,{"Low","Medium","High"},0)*MATCH(F10,{"Low","Medium","High"},0),"") -> 4 | H10: =IF(G10="","",IF(G10>=6,"High",IF(G10>=3,"Medium","Low"))) -> Medium | J10: Open
A11: 7 | B11: Misleading metrics | C11: Wrong decisions | D11: Measured vs estimated separated; equal-length periods; no per-developer statistics. | E11: Medium | F11: Medium | G11: =IFERROR(MATCH(E11,{"Low","Medium","High"},0)*MATCH(F11,{"Low","Medium","High"},0),"") -> 4 | H11: =IF(G11="","",IF(G11>=6,"High",IF(G11>=3,"Medium","Low"))) -> Medium | J11: Open
A12: 8 | B12: AI-assisted changes not traceable in quality system | C12: Audit findings | D12: Agree documentation approach with quality/regulatory; keep reviews and approvals in PR history. | E12: Medium | F12: High | G12: =IFERROR(MATCH(E12,{"Low","Medium","High"},0)*MATCH(F12,{"Low","Medium","High"},0),"") -> 6 | H12: =IF(G12="","",IF(G12>=6,"High",IF(G12>=3,"Medium","Low"))) -> High | J12: Open

Sheet Actions
A1: Actions and next steps
A3: Owners and dates are inputs; none are pre-assigned.
A4: # | B4: Action | C4: Workstream | D4: Owner | E4: Due date | F4: Status | G4: Notes
A5: 1 | B5: Collect baseline PR metrics for all 10 projects (same period length) | C5: Measurement | F5: Not started
A6: 2 | B6: Architects complete design constraints and approve or remove seed rules | C6: Agentic repo | F6: Not started
A7: 3 | B7: Agree the critical-path list per project | C7: Governance | F7: Not started
A8: 4 | B8: Confirm AI tool data-handling terms with security and privacy | C8: Governance | F8: Not started
A9: 5 | B9: Run reviewer agent in advisory (shadow) mode and log accepted/rejected findings | C9: Agentic repo | F9: Not started
A10: 6 | B10: Enable deterministic CI gate once false-positive rate is acceptable | C10: Agentic repo | F10: Not started
A11: 7 | B11: Agree reporting cadence and metric definitions with the customer | C11: Reporting | F11: Not started
A12: 8 | B12: Agree how AI-assisted changes are documented in the quality system | C12: Governance | F12: Not started
A13: 9
A14: 10
A15: 11
A16: 12
